{
  "N": 30,
  "max_iterations": 1000,
  "convergence_data": {
    "classical_only": {
      "iterations": [
        0,
        50,
        100,
        150,
        200,
        250,
        300,
        350,
        400,
        450,
        500,
        550,
        600,
        650,
        700,
        750,
        800,
        850,
        900,
        950
      ],
      "energies": [
        107.0,
        107.0,
        107.0,
        107.0,
        107.0,
        107.0,
        107.0,
        107.0,
        107.0,
        107.0,
        107.0,
        107.0,
        107.0,
        107.0,
        107.0,
        107.0,
        107.0,
        107.0,
        107.0,
        107.0
      ]
    },
    "random_start": {
      "iterations": [
        0,
        50,
        100,
        150,
        200,
        250,
        300,
        350,
        400,
        450,
        500,
        550,
        600,
        650,
        700,
        750,
        800,
        850,
        900,
        950
      ],
      "energies": [
        139.0,
        139.0,
        139.0,
        139.0,
        139.0,
        139.0,
        139.0,
        139.0,
        139.0,
        139.0,
        139.0,
        139.0,
        139.0,
        139.0,
        139.0,
        139.0,
        139.0,
        139.0,
        139.0,
        139.0
      ]
    },
    "quantum_warmstart": {
      "iterations": [
        0,
        50,
        100,
        150,
        200,
        250,
        300,
        350,
        400,
        450,
        500,
        550,
        600,
        650,
        700,
        750,
        800,
        850,
        900,
        950
      ],
      "energies": [
        118.15,
        118.14999999999999,
        118.14999999999999,
        118.14999999999999,
        118.14999999999999,
        118.14999999999999,
        118.14999999999999,
        118.14999999999999,
        118.14999999999999,
        118.14999999999999,
        118.14999999999999,
        118.14999999999999,
        118.14999999999999,
        118.14999999999999,
        118.14999999999999,
        118.14999999999999,
        118.14999999999999,
        118.14999999999999,
        118.14999999999999,
        118.14999999999999
      ]
    }
  },
  "quantum_advantage_percent": 15.000000000000005,
  "system_info": {
    "timestamp": "2026-02-01T00:01:22.280508",
    "gpu_available": true,
    "gpu_name": "NVIDIA L40S",
    "gpu_memory_gb": 44.41845703125,
    "python_version": "3.10+",
    "numpy_version": "2.4.1",
    "cupy_version": "13.6.0",
    "cuda_version": 12090
  }
}