{
  "N": 30,
  "num_instances": 100,
  "merit_factors": [
    3.435114503816794,
    3.9130434782608696,
    3.658536585365854,
    2.7607361963190185,
    3.061224489795918,
    3.061224489795918,
    4.205607476635514,
    3.9130434782608696,
    3.9130434782608696,
    3.9130434782608696,
    4.545454545454546,
    3.237410071942446,
    3.237410071942446,
    3.061224489795918,
    3.658536585365854,
    2.7607361963190185,
    2.903225806451613,
    2.6315789473684212,
    3.237410071942446,
    3.658536585365854,
    3.658536585365854,
    2.5139664804469275,
    3.658536585365854,
    3.061224489795918,
    3.435114503816794,
    3.658536585365854,
    3.237410071942446,
    3.061224489795918,
    3.435114503816794,
    4.205607476635514,
    3.435114503816794,
    3.435114503816794,
    4.545454545454546,
    3.061224489795918,
    2.406417112299465,
    3.9130434782608696,
    3.9130434782608696,
    2.903225806451613,
    3.237410071942446,
    3.658536585365854,
    3.435114503816794,
    3.237410071942446,
    3.237410071942446,
    3.658536585365854,
    3.9130434782608696,
    3.237410071942446,
    3.061224489795918,
    3.9130434782608696,
    3.061224489795918,
    3.658536585365854,
    3.061224489795918,
    2.6315789473684212,
    4.205607476635514,
    3.658536585365854,
    4.205607476635514,
    3.658536585365854,
    4.205607476635514,
    2.903225806451613,
    4.205607476635514,
    3.9130434782608696,
    3.658536585365854,
    3.658536585365854,
    3.435114503816794,
    3.658536585365854,
    3.237410071942446,
    3.061224489795918,
    3.658536585365854,
    6.0,
    3.435114503816794,
    3.435114503816794,
    3.435114503816794,
    3.658536585365854,
    3.061224489795918,
    3.061224489795918,
    3.237410071942446,
    3.435114503816794,
    3.435114503816794,
    4.545454545454546,
    3.237410071942446,
    3.658536585365854,
    3.061224489795918,
    3.061224489795918,
    2.903225806451613,
    3.061224489795918,
    3.658536585365854,
    3.061224489795918,
    4.205607476635514,
    3.061224489795918,
    3.237410071942446,
    4.545454545454546,
    2.903225806451613,
    3.435114503816794,
    3.061224489795918,
    2.7607361963190185,
    2.903225806451613,
    3.435114503816794,
    3.658536585365854,
    3.658536585365854,
    2.6315789473684212,
    3.658536585365854
  ],
  "energies": [
    131.0,
    115.0,
    123.0,
    163.0,
    147.0,
    147.0,
    107.0,
    115.0,
    115.0,
    115.0,
    99.0,
    139.0,
    139.0,
    147.0,
    123.0,
    163.0,
    155.0,
    171.0,
    139.0,
    123.0,
    123.0,
    179.0,
    123.0,
    147.0,
    131.0,
    123.0,
    139.0,
    147.0,
    131.0,
    107.0,
    131.0,
    131.0,
    99.0,
    147.0,
    187.0,
    115.0,
    115.0,
    155.0,
    139.0,
    123.0,
    131.0,
    139.0,
    139.0,
    123.0,
    115.0,
    139.0,
    147.0,
    115.0,
    147.0,
    123.0,
    147.0,
    171.0,
    107.0,
    123.0,
    107.0,
    123.0,
    107.0,
    155.0,
    107.0,
    115.0,
    123.0,
    123.0,
    131.0,
    123.0,
    139.0,
    147.0,
    123.0,
    75.0,
    131.0,
    131.0,
    131.0,
    123.0,
    147.0,
    147.0,
    139.0,
    131.0,
    131.0,
    99.0,
    139.0,
    123.0,
    147.0,
    147.0,
    155.0,
    147.0,
    123.0,
    147.0,
    107.0,
    147.0,
    139.0,
    99.0,
    155.0,
    131.0,
    147.0,
    163.0,
    155.0,
    131.0,
    123.0,
    123.0,
    171.0,
    123.0
  ],
  "statistics": {
    "mean": 3.4622697871088706,
    "median": 3.435114503816794,
    "std": 0.5346663204314946,
    "min": 2.406417112299465,
    "max": 6.0,
    "percent_above_6": 0.0
  },
  "system_info": {
    "timestamp": "2026-02-01T00:02:59.279030",
    "gpu_available": true,
    "gpu_name": "NVIDIA L40S",
    "gpu_memory_gb": 44.41845703125,
    "python_version": "3.10+",
    "numpy_version": "2.4.1",
    "cupy_version": "13.6.0",
    "cuda_version": 12090
  }
}